<PluginUserData>
  <Plugin_DynamicLighting />
  <Plugin_EditorBase>
    <CamView_0 toggleParallaxity="True" parallaxRefDist="500" bgColorArgb="855312" state="EditorBase.CamViewStates.SceneEditorCamViewState" />
    <ObjInspector_0 acceptedCats="7" autoRefresh="False" locked="False" titleText="Object Inspector" />
    <LogView_0 showMessages="True" showWarnings="True" showErrors="True" showCore="True" showEditor="True" showGame="True" autoClear="True" />
  </Plugin_EditorBase>
  <Plugin_HelpAdvisor />
  <Plugin_ResourceHacker />
</PluginUserData>
<!-- DockPanel Data -->
<?xml version="1.0" encoding="utf-8"?>
<!--DockPanel configuration file. Author: Weifen Luo, all rights reserved.-->
<!--!!! AUTOMATICALLY GENERATED FILE. DO NOT MODIFY !!!-->
<DockPanel FormatVersion="1.0" DockLeftPortion="0.2140625" DockRightPortion="0.47734375" DockTopPortion="0.25" DockBottomPortion="0.25" ActiveDocumentPane="7" ActivePane="3">
  <Contents Count="6">
    <Content ID="0" PersistString="EditorBase.ProjectFolderView" AutoHidePortion="0.25" IsHidden="False" IsFloat="False" />
    <Content ID="1" PersistString="EditorBase.SceneView" AutoHidePortion="0.25" IsHidden="False" IsFloat="False" />
    <Content ID="2" PersistString="HelpAdvisor.HelpAdvisor" AutoHidePortion="0.25" IsHidden="False" IsFloat="False" />
    <Content ID="3" PersistString="EditorBase.LogView" AutoHidePortion="0.258988764044944" IsHidden="False" IsFloat="False" />
    <Content ID="4" PersistString="EditorBase.ObjectInspector" AutoHidePortion="0.25" IsHidden="False" IsFloat="False" />
    <Content ID="5" PersistString="EditorBase.CamView" AutoHidePortion="0.25" IsHidden="False" IsFloat="False" />
  </Contents>
  <Panes Count="8">
    <Pane ID="0" DockState="DockRight" ActiveContent="1">
      <Contents Count="1">
        <Content ID="0" RefID="1" />
      </Contents>
    </Pane>
    <Pane ID="1" DockState="DockBottomAutoHide" ActiveContent="3">
      <Contents Count="1">
        <Content ID="0" RefID="3" />
      </Contents>
    </Pane>
    <Pane ID="2" DockState="Float" ActiveContent="-1">
      <Contents Count="2">
        <Content ID="0" RefID="0" />
        <Content ID="1" RefID="4" />
      </Contents>
    </Pane>
    <Pane ID="3" DockState="DockRight" ActiveContent="4">
      <Contents Count="1">
        <Content ID="0" RefID="4" />
      </Contents>
    </Pane>
    <Pane ID="4" DockState="DockRight" ActiveContent="0">
      <Contents Count="1">
        <Content ID="0" RefID="0" />
      </Contents>
    </Pane>
    <Pane ID="5" DockState="Float" ActiveContent="-1">
      <Contents Count="1">
        <Content ID="0" RefID="2" />
      </Contents>
    </Pane>
    <Pane ID="6" DockState="DockRight" ActiveContent="2">
      <Contents Count="1">
        <Content ID="0" RefID="2" />
      </Contents>
    </Pane>
    <Pane ID="7" DockState="Document" ActiveContent="5">
      <Contents Count="1">
        <Content ID="0" RefID="5" />
      </Contents>
    </Pane>
  </Panes>
  <DockWindows>
    <DockWindow ID="0" DockState="Document" ZOrderIndex="0">
      <NestedPanes Count="1">
        <Pane ID="0" RefID="7" PrevPane="-1" Alignment="Right" Proportion="0.5" />
      </NestedPanes>
    </DockWindow>
    <DockWindow ID="1" DockState="DockLeft" ZOrderIndex="1">
      <NestedPanes Count="0" />
    </DockWindow>
    <DockWindow ID="2" DockState="DockRight" ZOrderIndex="2">
      <NestedPanes Count="4">
        <Pane ID="0" RefID="0" PrevPane="-1" Alignment="Bottom" Proportion="0.5" />
        <Pane ID="1" RefID="3" PrevPane="0" Alignment="Right" Proportion="0.5" />
        <Pane ID="2" RefID="4" PrevPane="0" Alignment="Bottom" Proportion="0.5" />
        <Pane ID="3" RefID="6" PrevPane="3" Alignment="Top" Proportion="0.204494382022472" />
      </NestedPanes>
    </DockWindow>
    <DockWindow ID="3" DockState="DockTop" ZOrderIndex="4">
      <NestedPanes Count="0" />
    </DockWindow>
    <DockWindow ID="4" DockState="DockBottom" ZOrderIndex="3">
      <NestedPanes Count="1">
        <Pane ID="0" RefID="1" PrevPane="-1" Alignment="Right" Proportion="0.5" />
      </NestedPanes>
    </DockWindow>
  </DockWindows>
  <FloatWindows Count="2">
    <FloatWindow ID="0" Bounds="260, 348, 300, 300" ZOrderIndex="0">
      <NestedPanes Count="1">
        <Pane ID="0" RefID="2" PrevPane="-1" Alignment="Right" Proportion="0.5" />
      </NestedPanes>
    </FloatWindow>
    <FloatWindow ID="1" Bounds="463, 253, 300, 300" ZOrderIndex="1">
      <NestedPanes Count="1">
        <Pane ID="0" RefID="5" PrevPane="-1" Alignment="Right" Proportion="0.5" />
      </NestedPanes>
    </FloatWindow>
  </FloatWindows>
</DockPanel>